longitude,latitude,temp_seasonality,temp_annual_range,precip_driest_quarter,max_temp_warmest_month,annual_precipitation,precip_coldest_quarter,isothermality,elevation,sand_frac_pct,gravel_frac_pct
-69.66654179487115,-10.900951794568105,86.11739,15.651001,67.0,31.634,1613.0,67.0,72.021484,301,37.25,0.0
-69.66630820952349,-10.896595616821203,86.11739,15.651001,67.0,31.634,1613.0,67.0,72.021484,304,37.25,0.0
-69.6660747232026,-10.892239433039244,86.11739,15.651001,67.0,31.634,1613.0,67.0,72.021484,304,37.25,0.0
-69.6626753614806,-10.914245995900464,86.11739,15.651001,67.0,31.634,1613.0,67.0,72.021484,301,37.25,0.0
-69.6624415406359,-10.909889744059225,86.11739,15.651001,67.0,31.634,1613.0,67.0,72.021484,301,37.25,0.0
-69.66220781881276,-10.905533486177674,86.11739,15.651001,67.0,31.634,1613.0,67.0,72.021484,301,37.25,0.0
-69.66197419600431,-10.901177222258395,86.11739,15.651001,67.0,31.634,1613.0,67.0,72.021484,301,37.25,0.0
-69.66174067220369,-10.896820952303957,86.11739,15.651001,67.0,31.634,1613.0,67.0,72.021484,304,37.25,0.0
-69.66150724740405,-10.892464676316925,86.11739,15.651001,67.0,31.634,1613.0,67.0,72.021484,304,37.25,0.0
-69.65810757120725,-10.914471643690138,86.11739,15.651001,67.0,31.634,1613.0,67.0,72.021484,300,37.25,0.0
-69.65787381199252,-10.9101152996569,86.11739,15.651001,67.0,31.634,1613.0,67.0,72.021484,300,37.25,0.0
-69.65624026898615,-10.879620722508864,86.11739,15.651001,67.0,31.634,1613.0,67.0,72.021484,303,37.25,0.0
-69.65600730154534,-10.875264330244926,86.11739,15.651001,67.0,31.634,1613.0,67.0,72.021484,303,37.25,0.0
-69.65353977432476,-10.914697234934092,86.11739,15.651001,67.0,31.634,1613.0,67.0,72.021484,300,37.25,0.0
-69.65330607674551,-10.91034079873182,86.11739,15.651001,67.0,31.634,1613.0,67.0,72.021484,300,37.25,0.0
-69.65167296446462,-10.87984557646972,86.11739,15.651001,67.0,31.634,1613.0,67.0,72.021484,303,37.25,0.0
-69.6514400584528,-10.875489092056505,86.11739,15.651001,67.0,31.634,1613.0,67.0,72.021484,303,37.25,0.0
-69.6489719708345,-10.91492276962468,86.11739,15.651001,67.0,31.634,1613.0,67.0,72.021484,297,37.25,0.0
-69.64873833489621,-10.910566241276344,86.11739,15.651001,67.0,31.634,1613.0,67.0,72.021484,297,37.25,0.0
-69.64850479790202,-10.90620970689512,86.11739,15.651001,67.0,31.634,1613.0,67.0,72.021484,305,37.25,0.0
-69.64827135984508,-10.90185316648358,86.11739,15.651001,67.0,31.634,1613.0,67.0,72.021484,305,37.25,0.0
-69.64710565337919,-10.88007037406095,86.11739,15.651001,67.0,31.634,1613.0,67.0,72.021484,301,37.25,0.0
-69.6468728088018,-10.875713797521408,86.11739,15.651001,67.0,31.634,1613.0,67.0,72.021484,301,37.25,0.0
-69.64664006311372,-10.871357214969525,86.11739,15.651001,67.0,31.634,1613.0,67.0,72.021484,303,37.25,0.0
-69.64440416073776,-10.915148247754264,86.11739,15.651001,67.0,31.634,1613.0,67.0,72.021484,291,37.25,0.0
-69.64417058644594,-10.910791627282835,86.11739,15.651001,67.0,31.634,1613.0,67.0,72.021484,297,37.25,0.0
-69.64393711107238,-10.90643500078099,86.11739,15.651001,67.0,31.634,1613.0,67.0,72.021484,305,37.25,0.0
-69.64370373461026,-10.902078368251296,86.11739,15.651001,67.0,31.634,1613.0,67.0,72.021484,305,37.25,0.0
-69.64253833573113,-10.880295115274928,86.11739,15.651001,67.0,31.634,1613.0,67.0,72.021484,302,37.25,0.0
-69.64230555259367,-10.875938446632036,86.11739,15.651001,67.0,31.634,1613.0,67.0,72.021484,302,37.25,0.0
-69.64207286831969,-10.87158177197926,86.11739,15.651001,67.0,31.634,1613.0,67.0,72.021484,300,37.25,0.0
-69.63983634403596,-10.9153736693152,86.11739,15.651001,67.0,31.634,1613.0,67.0,72.021484,297,37.25,0.0
-69.63960283139605,-10.911016956743657,86.11739,15.651001,67.0,31.634,1613.0,67.0,72.021484,291,37.25,0.0
-69.63936941764862,-10.906660238144164,86.11739,15.651001,67.0,31.634,1613.0,67.0,72.021484,302,37.25,0.0
-69.6391361027868,-10.902303513519287,86.11739,15.651001,67.0,31.634,1613.0,67.0,72.021484,302,37.25,0.0
-69.63797101152184,-10.880519800104045,86.11739,15.651001,67.0,31.634,1613.0,67.0,72.021484,302,37.25,0.0
-69.63773828982976,-10.876163039380772,86.11739,15.651001,67.0,31.634,1613.0,67.0,72.021484,302,37.25,0.0
-69.63750566697534,-10.871806272650078,86.11739,15.651001,67.0,31.634,1613.0,67.0,72.021484,300,37.25,0.0
-69.63526852073039,-10.915599034299854,86.11739,15.651001,67.0,31.634,1613.0,67.0,72.021484,297,37.25,0.0
-69.63503506974791,-10.911242229651169,86.11739,15.651001,67.0,31.634,1613.0,67.0,72.021484,291,37.25,0.0
-69.63480171763209,-10.906885418977,86.11739,15.651001,67.0,31.634,1613.0,67.0,72.021484,291,37.25,0.0
-69.63456846437603,-10.90252860227993,86.11739,15.651001,67.0,31.634,1613.0,67.0,72.021484,302,37.25,0.0
-69.63386929769798,-10.8894581160769,86.11739,15.651001,67.0,31.634,1613.0,67.0,72.021484,304,37.25,0.0
-69.63363643981253,-10.885101275313836,86.11739,15.651001,67.0,31.634,1613.0,67.0,72.021484,304,37.25,0.0
-69.63340368075261,-10.880744428540686,86.11739,15.651001,67.0,31.634,1613.0,67.0,72.021484,295,37.25,0.0
-69.63317102051137,-10.876387575760004,86.11739,15.651001,67.0,31.634,1613.0,67.0,72.021484,295,37.25,0.0
-69.63293845908201,-10.872030716974365,86.11739,15.651001,67.0,31.634,1613.0,67.0,72.021484,298,37.25,0.0
-69.63000081937932,-10.90275363452559,86.11739,15.651001,67.0,31.634,1613.0,67.0,72.021484,296,37.25,0.0
-69.6293018373801,-10.8896828721897,86.11739,15.651001,67.0,31.634,1613.0,67.0,72.021484,304,37.25,0.0
-69.6290690410026,-10.88532593938728,86.11739,15.651001,67.0,31.634,1613.0,67.0,72.021484,304,37.25,0.0
-69.62883634342481,-10.880969000577233,86.11739,15.651001,67.0,31.634,1613.0,67.0,72.021484,295,37.25,0.0
-69.62860374463988,-10.876612055762129,86.11739,15.651001,67.0,31.634,1613.0,67.0,72.021484,295,37.25,0.0
-69.628371244641,-10.872255104944522,86.11739,15.651001,67.0,31.634,1613.0,67.0,72.021484,298,37.25,0.0
-69.66444309113041,-10.861745977799831,86.11739,15.651001,67.0,31.634,1613.0,67.0,72.021484,299,37.25,0.0
-69.6642103967771,-10.857389745829952,86.11739,15.651001,67.0,31.634,1613.0,67.0,72.021484,299,37.25,0.0
-69.66397780138894,-10.853033507848156,86.11739,15.651001,67.0,31.634,1613.0,67.0,72.021484,305,37.25,0.0
-69.66374530495912,-10.848677263857,86.11739,15.651001,67.0,31.634,1613.0,67.0,72.021484,305,37.25,0.0
-69.6598760452581,-10.861970575711071,86.11739,15.651001,67.0,31.634,1613.0,67.0,72.021484,299,37.25,0.0
-69.65964341221962,-10.857614251555844,86.11739,15.651001,67.0,31.634,1613.0,67.0,72.021484,299,37.25,0.0
-69.65941087812051,-10.853257921391153,86.11739,15.651001,67.0,31.634,1613.0,67.0,72.021484,303,37.25,0.0
-69.65917844295394,-10.848901585219572,86.11739,15.651001,67.0,31.634,1613.0,67.0,72.021484,303,37.25,0.0
-69.65484394831827,-10.8534822787175,86.11739,15.651001,67.0,31.634,1613.0,67.0,72.021484,303,37.25,0.0
-69.65461157442041,-10.84912585038844,86.11739,15.651001,67.0,31.634,1613.0,67.0,72.021484,303,37.25,0.0
-69.65027701198356,-10.853706579819589,86.11739,15.651001,67.0,31.634,1613.0,67.0,72.021484,302,37.25,0.0
-69.65004469935985,-10.849350059356016,86.11739,15.651001,67.0,31.634,1613.0,67.0,72.021484,302,37.25,0.0
-69.6493483547062,-10.8362804619791,86.11739,15.651001,67.0,31.634,1613.0,67.0,72.021484,301,37.25,0.0
-69.64571006911768,-10.85393082468983,86.11739,15.651001,67.0,31.634,1613.0,67.0,72.021484,302,37.25,0.0
-69.64547781777361,-10.849574212114696,86.11739,15.651001,67.0,31.634,1613.0,67.0,72.021484,302,37.25,0.0
-69.64478165680403,-10.83650433841785,86.11739,15.651001,67.0,31.634,1613.0,67.0,72.021484,301,37.25,0.0
-69.64160779633487,-10.862868404654316,86.11739,15.651001,67.0,31.634,1613.0,67.0,72.021484,292,37.25,0.0
-69.64137540861034,-10.858511711987282,86.11739,15.651001,67.0,31.634,1613.0,67.0,72.021484,292,37.25,0.0
-69.64114311972199,-10.854155013320616,86.11739,15.651001,67.0,31.634,1613.0,67.0,72.021484,297,37.25,0.0
-69.640910929663,-10.849798308656892,86.11739,15.651001,67.0,31.634,1613.0,67.0,72.021484,297,37.25,0.0
-69.64067883842651,-10.845441597998676,86.11739,15.651001,67.0,31.634,1613.0,67.0,72.021484,296,37.25,0.0
-69.64044684600572,-10.841084881348529,86.11739,15.651001,67.0,31.634,1613.0,67.0,72.021484,296,37.25,0.0
-69.63704071775221,-10.863092721176676,86.11739,15.651001,67.0,31.634,1613.0,67.0,72.021484,292,37.25,0.0
-69.63680839136984,-10.858735936439103,86.11739,15.651001,67.0,31.634,1613.0,67.0,72.021484,292,37.25,0.0
-69.63657616379783,-10.854379145704364,86.11739,15.651001,67.0,31.634,1613.0,67.0,72.021484,297,37.25,0.0
-69.63634403502935,-10.850022348975015,86.11739,15.651001,67.0,31.634,1613.0,67.0,72.021484,297,37.25,0.0
-69.63611200505758,-10.845665546253633,86.11739,15.651001,67.0,31.634,1613.0,67.0,72.021484,296,37.25,0.0
-69.63588007387571,-10.841308737542766,86.11739,15.651001,67.0,31.634,1613.0,67.0,72.021484,296,37.25,0.0
-69.63247363263152,-10.86331698139846,86.11739,15.651001,67.0,31.634,1613.0,67.0,72.021484,294,37.25,0.0
-69.63224136759673,-10.85896010461332,86.11739,15.651001,67.0,31.634,1613.0,67.0,72.021484,294,37.25,0.0
-69.6320092013465,-10.854603221833466,86.11739,15.651001,67.0,31.634,1613.0,67.0,72.021484,298,37.25,0.0
-69.631777133874,-10.850246333061468,86.11739,15.651001,67.0,31.634,1613.0,67.0,72.021484,298,37.25,0.0
-69.6315451651724,-10.845889438299888,86.11739,15.651001,67.0,31.634,1613.0,67.0,72.021484,303,37.25,0.0
-69.63131329523489,-10.841532537551286,86.11739,15.651001,67.0,31.634,1613.0,67.0,72.021484,303,37.25,0.0
-69.62790654097407,-10.863541185312055,86.11739,15.651001,67.0,31.634,1613.0,67.0,72.021484,294,37.25,0.0
-69.62767433729233,-10.859184216502328,86.11739,15.651001,67.0,31.634,1613.0,67.0,72.021484,294,37.25,0.0
-69.62744223236935,-10.85482724170034,86.11739,15.651001,67.0,31.634,1613.0,67.0,72.021484,298,37.25,0.0
-69.62721022619829,-10.850470260908669,86.11739,15.651001,67.0,31.634,1613.0,67.0,72.021484,298,37.25,0.0
-69.62697831877229,-10.846113274129864,86.11739,15.651001,67.0,31.634,1613.0,67.0,72.021484,303,37.25,0.0
-69.62674651008462,-10.841756281366496,86.11739,15.651001,67.0,31.634,1613.0,67.0,72.021484,303,37.25,0.0
-69.66319832981338,-10.665268554151014,82.15552,15.1779995,75.0,31.328,1663.0,75.0,73.08056,293,37.25,0.0
-69.6629699618794,-10.66091223840644,82.15552,15.1779995,75.0,31.328,1663.0,75.0,73.08056,288,37.25,0.0
-69.65863403019905,-10.665489116579437,82.15552,15.1779995,75.0,31.328,1663.0,75.0,73.08056,283,37.25,0.0
-69.65840572240987,-10.661132708713296,82.15552,15.1779995,75.0,31.328,1663.0,75.0,73.08056,289,37.25,0.0
-69.65406972428072,-10.665709623792802,82.15552,15.1779995,75.0,31.328,1663.0,75.0,73.08056,283,37.25,0.0
-69.65384147664167,-10.66135312382803,82.15552,15.1779995,75.0,31.328,1663.0,75.0,73.08056,289,37.25,0.0
-69.6495054120597,-10.665930075783658,82.15552,15.1779995,75.0,31.328,1663.0,75.0,73.08056,291,37.25,0.0
-69.64927722457614,-10.66157348374318,82.15552,15.1779995,75.0,31.328,1663.0,75.0,73.08056,281,37.25,0.0
-69.64494109353726,-10.66615047254454,82.15552,15.1779995,75.0,31.328,1663.0,75.0,73.08056,291,37.25,0.0
-69.64471296621453,-10.661793788451297,82.15552,15.1779995,75.0,31.328,1663.0,75.0,73.08056,281,37.25,0.0
-69.64037676871465,-10.66637081406798,82.15552,15.1779995,75.0,31.328,1663.0,75.0,73.08056,297,37.25,0.0
-69.64014870155812,-10.662014037944909,82.15552,15.1779995,75.0,31.328,1663.0,75.0,73.08056,289,37.25,0.0
-69.6358124375932,-10.666591100346524,82.15552,15.1779995,75.0,31.328,1663.0,75.0,73.08056,297,37.25,0.0
-69.63558443060822,-10.66223423221657,82.15552,15.1779995,75.0,31.328,1663.0,75.0,73.08056,289,37.25,0.0
-69.63102015336608,-10.66245437125882,82.15552,15.1779995,75.0,31.328,1663.0,75.0,73.08056,287,37.25,0.0
-69.626455869833,-10.66267445506421,82.15552,15.1779995,75.0,31.328,1663.0,75.0,73.08056,287,37.25,0.0
-69.62189158001024,-10.662894483625283,82.15552,15.1779995,75.0,31.328,1663.0,75.0,73.08056,297,37.25,0.0
-69.61732728389914,-10.663114456934592,82.15552,15.1779995,75.0,31.328,1663.0,75.0,73.08056,298,37.25,0.0
-69.66251352214174,-10.652199589215998,82.15552,15.1779995,75.0,31.328,1663.0,75.0,73.08056,282,37.25,0.0
-69.66228545032465,-10.647843255775255,82.15552,15.1779995,75.0,31.328,1663.0,75.0,73.08056,280,37.25,0.0
-69.66205747719981,-10.64348691644091,82.15552,15.1779995,75.0,31.328,1663.0,75.0,73.08056,280,37.25,0.0
-69.66182960276055,-10.639130571215532,82.15552,15.1779995,75.0,31.328,1663.0,75.0,73.08056,275,37.25,0.0
-69.66160182700018,-10.634774220101685,82.15552,15.1779995,75.0,31.328,1663.0,75.0,73.08056,275,37.25,0.0
-69.66091909172562,-10.621705131454926,82.15552,15.1779995,75.0,31.328,1663.0,75.0,73.08056,283,37.25,0.0
-69.66069171061406,-10.617348756812811,82.15552,15.1779995,75.0,31.328,1663.0,75.0,73.08056,283,37.25,0.0
-69.66046442814802,-10.612992376295036,82.15552,15.1779995,75.0,31.328,1663.0,75.0,73.08056,297,37.25,0.0
-69.66023724432085,-10.608635989904158,82.15552,15.1779995,75.0,31.328,1663.0,75.0,73.08056,297,37.25,0.0
-69.65794940288458,-10.652419875286958,82.15552,15.1779995,75.0,31.328,1663.0,75.0,73.08056,292,37.25,0.0
-69.65772139113513,-10.64806344973188,82.15552,15.1779995,75.0,31.328,1663.0,75.0,73.08056,279,37.25,0.0
-69.65749347805219,-10.643707018285614,82.15552,15.1779995,75.0,31.328,1663.0,75.0,73.08056,279,37.25,0.0
-69.6572656636291,-10.639350580950726,82.15552,15.1779995,75.0,31.328,1663.0,75.0,73.08056,276,37.25,0.0
-69.6570379478592,-10.63499413772977,82.15552,15.1779995,75.0,31.328,1663.0,75.0,73.08056,276,37.25,0.0
-69.65681033073577,-10.630637688625312,82.15552,15.1779995,75.0,31.328,1663.0,75.0,73.08056,283,37.25,0.0
-69.65658281225215,-10.626281233639912,82.15552,15.1779995,75.0,31.328,1663.0,75.0,73.08056,283,37.25,0.0
-69.65635539240171,-10.62192477277613,82.15552,15.1779995,75.0,31.328,1663.0,75.0,73.08056,290,37.25,0.0
-69.65612807117773,-10.617568306036526,82.15552,15.1779995,75.0,31.328,1663.0,75.0,73.08056,290,37.25,0.0
-69.65590084857358,-10.613211833423666,82.15552,15.1779995,75.0,31.328,1663.0,75.0,73.08056,301,37.25,0.0
-69.65567372458257,-10.608855354940108,82.15552,15.1779995,75.0,31.328,1663.0,75.0,73.08056,301,37.25,0.0
-69.6533852773395,-10.652640106211654,82.15552,15.1779995,75.0,31.328,1663.0,75.0,73.08056,292,37.25,0.0
-69.653157325663,-10.648283588565176,82.15552,15.1779995,75.0,31.328,1663.0,75.0,73.08056,279,37.25,0.0
-69.6529294726273,-10.643927065029915,82.15552,15.1779995,75.0,31.328,1663.0,75.0,73.08056,279,37.25,0.0
-69.65270171822573,-10.639570535608438,82.15552,15.1779995,75.0,31.328,1663.0,75.0,73.08056,276,37.25,0.0
-69.6524740624516,-10.635214000303304,82.15552,15.1779995,75.0,31.328,1663.0,75.0,73.08056,276,37.25,0.0
-69.65224650529825,-10.630857459117074,82.15552,15.1779995,75.0,31.328,1663.0,75.0,73.08056,283,37.25,0.0
-69.65201904675901,-10.626500912052308,82.15552,15.1779995,75.0,31.328,1663.0,75.0,73.08056,283,37.25,0.0
-69.6517916868272,-10.622144359111562,82.15552,15.1779995,75.0,31.328,1663.0,75.0,73.08056,290,37.25,0.0
-69.65156442549615,-10.6177878002974,82.15552,15.1779995,75.0,31.328,1663.0,75.0,73.08056,290,37.25,0.0
-69.6513372627592,-10.613431235612378,82.15552,15.1779995,75.0,31.328,1663.0,75.0,73.08056,301,37.25,0.0
-69.65111019860969,-10.609074665059056,82.15552,15.1779995,75.0,31.328,1663.0,75.0,73.08056,295,37.25,0.0
-69.64882114550777,-10.652860281982631,82.15552,15.1779995,75.0,31.328,1663.0,75.0,73.08056,280,37.25,0.0
-69.64813776655173,-10.639790435181231,82.15552,15.1779995,75.0,31.328,1663.0,75.0,73.08056,287,37.25,0.0
-69.64791017077873,-10.635433807814854,82.15552,15.1779995,75.0,31.328,1663.0,75.0,73.08056,287,37.25,0.0
-69.64768267360078,-10.631077174569777,82.15552,15.1779995,75.0,31.328,1663.0,75.0,73.08056,292,37.25,0.0
-69.64745527501123,-10.626720535448571,82.15552,15.1779995,75.0,31.328,1663.0,75.0,73.08056,292,37.25,0.0
-69.64722797500337,-10.622363890453792,82.15552,15.1779995,75.0,31.328,1663.0,75.0,73.08056,295,37.25,0.0
-69.64700077357057,-10.618007239587998,82.15552,15.1779995,75.0,31.328,1663.0,75.0,73.08056,295,37.25,0.0
-69.64677367070614,-10.613650582853746,82.15552,15.1779995,75.0,31.328,1663.0,75.0,73.08056,295,37.25,0.0
-69.64654666640347,-10.609293920253592,82.15552,15.1779995,75.0,31.328,1663.0,75.0,73.08056,295,37.25,0.0
-69.64425700739062,-10.653080402592444,82.15552,15.1779995,75.0,31.328,1663.0,75.0,73.08056,280,37.25,0.0
-69.64402917587607,-10.648723700831958,82.15552,15.1779995,75.0,31.328,1663.0,75.0,73.08056,280,37.25,0.0
-69.64357380860835,-10.640010279661665,82.15552,15.1779995,75.0,31.328,1663.0,75.0,73.08056,287,37.25,0.0
-69.6433462728418,-10.635653560256968,82.15552,15.1779995,75.0,31.328,1663.0,75.0,73.08056,287,37.25,0.0
-69.6431188356446,-10.631296834975986,82.15552,15.1779995,75.0,31.328,1663.0,75.0,73.08056,292,37.25,0.0
-69.64289149701005,-10.626940103821273,82.15552,15.1779995,75.0,31.328,1663.0,75.0,73.08056,292,37.25,0.0
-69.64266425693148,-10.622583366795393,82.15552,15.1779995,75.0,31.328,1663.0,75.0,73.08056,301,37.25,0.0
-69.64243711540226,-10.618226623900895,82.15552,15.1779995,75.0,31.328,1663.0,75.0,73.08056,301,37.25,0.0
-69.6422100724157,-10.613869875140344,82.15552,15.1779995,75.0,31.328,1663.0,75.0,73.08056,292,37.25,0.0
-69.64198312796513,-10.609513120516295,82.15552,15.1779995,75.0,31.328,1663.0,75.0,73.08056,292,37.25,0.0
-69.63969286298939,-10.653300468033638,82.15552,15.1779995,75.0,31.328,1663.0,75.0,73.08056,283,37.25,0.0
-69.6394650915638,-10.64894367425056,82.15552,15.1779995,75.0,31.328,1663.0,75.0,73.08056,283,37.25,0.0
-69.63923741870187,-10.64458687458592,82.15552,15.1779995,75.0,31.328,1663.0,75.0,73.08056,279,37.25,0.0
-69.63900984439685,-10.640230069042286,82.15552,15.1779995,75.0,31.328,1663.0,75.0,73.08056,279,37.25,0.0
-69.63878236864213,-10.635873257622212,82.15552,15.1779995,75.0,31.328,1663.0,75.0,73.08056,292,37.25,0.0
-69.63855499143098,-10.63151644032826,82.15552,15.1779995,75.0,31.328,1663.0,75.0,73.08056,305,37.25,0.0
-69.63832771275678,-10.627159617162976,82.15552,15.1779995,75.0,31.328,1663.0,75.0,73.08056,305,37.25,0.0
-69.63810053261284,-10.622802788128933,82.15552,15.1779995,75.0,31.328,1663.0,75.0,73.08056,301,37.25,0.0
-69.6378734509925,-10.618445953228669,82.15552,15.1779995,75.0,31.328,1663.0,75.0,73.08056,301,37.25,0.0
-69.63764646788911,-10.614089112464754,82.15552,15.1779995,75.0,31.328,1663.0,75.0,73.08056,292,37.25,0.0
-69.63741958329601,-10.609732265839735,82.15552,15.1779995,75.0,31.328,1663.0,75.0,73.08056,292,37.25,0.0
-69.63512871230535,-10.65352047829876,82.15552,15.1779995,75.0,31.328,1663.0,75.0,73.08056,283,37.25,0.0
-69.63490100097408,-10.64916359251602,82.15552,15.1779995,75.0,31.328,1663.0,75.0,73.08056,283,37.25,0.0
-69.63467338818072,-10.644806700854138,82.15552,15.1779995,75.0,31.328,1663.0,75.0,73.08056,279,37.25,0.0
-69.63444587391857,-10.640449803315663,82.15552,15.1779995,75.0,31.328,1663.0,75.0,73.08056,279,37.25,0.0
-69.63421845818097,-10.636092899903154,82.15552,15.1779995,75.0,31.328,1663.0,75.0,73.08056,290,37.25,0.0
-69.63399114096121,-10.631735990619164,82.15552,15.1779995,75.0,31.328,1663.0,75.0,73.08056,301,37.25,0.0
-69.63376392225268,-10.627379075466257,82.15552,15.1779995,75.0,31.328,1663.0,75.0,73.08056,301,37.25,0.0
-69.63353680204867,-10.62302215444698,82.15552,15.1779995,75.0,31.328,1663.0,75.0,73.08056,309,37.25,0.0
-69.63330978034256,-10.618665227563891,82.15552,15.1779995,75.0,31.328,1663.0,75.0,73.08056,309,37.25,0.0
-69.63308285712766,-10.614308294819551,82.15552,15.1779995,75.0,31.328,1663.0,75.0,73.08056,291,37.25,0.0
-69.63285603239733,-10.609951356216506,82.15552,15.1779995,75.0,31.328,1663.0,75.0,73.08056,291,37.25,0.0
-69.63056455533973,-10.653740433380364,82.15552,15.1779995,75.0,31.328,1663.0,75.0,73.08056,290,37.25,0.0
-69.63033690410815,-10.649383455620915,82.15552,15.1779995,75.0,31.328,1663.0,75.0,73.08056,290,37.25,0.0
-69.63010935138871,-10.645026471984728,82.15552,15.1779995,75.0,31.328,1663.0,75.0,73.08056,279,37.25,0.0
-69.62988189717474,-10.640669482474353,82.15552,15.1779995,75.0,31.328,1663.0,75.0,73.08056,279,37.25,0.0
-69.6296545414596,-10.63631248709235,82.15552,15.1779995,75.0,31.328,1663.0,75.0,73.08056,290,37.25,0.0
-69.62942728423657,-10.631955485841273,82.15552,15.1779995,75.0,31.328,1663.0,75.0,73.08056,290,37.25,0.0
-69.62920012549903,-10.627598478723677,82.15552,15.1779995,75.0,31.328,1663.0,75.0,73.08056,301,37.25,0.0
-69.62897306524029,-10.623241465742112,82.15552,15.1779995,75.0,31.328,1663.0,75.0,73.08056,309,37.25,0.0
-69.62874610345371,-10.61888444689914,82.15552,15.1779995,75.0,31.328,1663.0,75.0,73.08056,309,37.25,0.0
-69.62851924013263,-10.614527422197312,82.15552,15.1779995,75.0,31.328,1663.0,75.0,73.08056,291,37.25,0.0
-69.62829247527037,-10.610170391639183,82.15552,15.1779995,75.0,31.328,1663.0,75.0,73.08056,291,37.25,0.0
-69.62600039209387,-10.653960333271003,82.15552,15.1779995,75.0,31.328,1663.0,75.0,73.08056,291,37.25,0.0
-69.62577280096728,-10.649603263557792,82.15552,15.1779995,75.0,31.328,1663.0,75.0,73.08056,291,37.25,0.0
-69.62554530832712,-10.645246187970242,82.15552,15.1779995,75.0,31.328,1663.0,75.0,73.08056,282,37.25,0.0
-69.62531791416669,-10.64088910651092,82.15552,15.1779995,75.0,31.328,1663.0,75.0,73.08056,282,37.25,0.0
-69.6250906184793,-10.63653201918237,82.15552,15.1779995,75.0,31.328,1663.0,75.0,73.08056,292,37.25,0.0
-69.62486342125835,-10.63217492598715,82.15552,15.1779995,75.0,31.328,1663.0,75.0,73.08056,292,37.25,0.0
-69.62463632249711,-10.627817826927812,82.15552,15.1779995,75.0,31.328,1663.0,75.0,73.08056,310,37.25,0.0
-69.62440932218897,-10.623460722006913,82.15552,15.1779995,75.0,31.328,1663.0,75.0,73.08056,303,37.25,0.0
-69.62418242032724,-10.619103611227,82.15552,15.1779995,75.0,31.328,1663.0,75.0,73.08056,303,37.25,0.0
-69.62395561690526,-10.614746494590628,82.15552,15.1779995,75.0,31.328,1663.0,75.0,73.08056,301,37.25,0.0
-69.62372891191643,-10.610389372100355,82.15552,15.1779995,75.0,31.328,1663.0,75.0,73.08056,301,37.25,0.0
-69.62143622256903,-10.654180177963232,82.15552,15.1779995,75.0,31.328,1663.0,75.0,73.08056,291,37.25,0.0
-69.6212086915528,-10.649823016319209,82.15552,15.1779995,75.0,31.328,1663.0,75.0,73.08056,291,37.25,0.0
-69.6209812589972,-10.645465848803257,82.15552,15.1779995,75.0,31.328,1663.0,75.0,73.08056,282,37.25,0.0
-69.62075392489562,-10.641108675417929,82.15552,15.1779995,75.0,31.328,1663.0,75.0,73.08056,282,37.25,0.0
-69.62052668924136,-10.63675149616578,82.15552,15.1779995,75.0,31.328,1663.0,75.0,73.08056,292,37.25,0.0
-69.62029955202777,-10.632394311049364,82.15552,15.1779995,75.0,31.328,1663.0,75.0,73.08056,292,37.25,0.0
-69.62007251324819,-10.628037120071236,82.15552,15.1779995,75.0,31.328,1663.0,75.0,73.08056,310,37.25,0.0
-69.61984557289595,-10.623679923233944,82.15552,15.1779995,75.0,31.328,1663.0,75.0,73.08056,310,37.25,0.0
-69.61961873096439,-10.619322720540035,82.15552,15.1779995,75.0,31.328,1663.0,75.0,73.08056,303,37.25,0.0
-69.61939198744687,-10.614965511992075,82.15552,15.1779995,75.0,31.328,1663.0,75.0,73.08056,301,37.25,0.0
-69.61916534233674,-10.61060829759261,82.15552,15.1779995,75.0,31.328,1663.0,75.0,73.08056,301,37.25,0.0
-69.6168720467665,-10.6543999674496,82.15552,15.1779995,75.0,31.328,1663.0,75.0,73.08056,296,37.25,0.0
-69.61664457586592,-10.65004271389772,82.15552,15.1779995,75.0,31.328,1663.0,75.0,73.08056,296,37.25,0.0
-69.61641720340026,-10.645685454476316,82.15552,15.1779995,75.0,31.328,1663.0,75.0,73.08056,289,37.25,0.0
-69.61618992936286,-10.64132818918794,82.15552,15.1779995,75.0,31.328,1663.0,75.0,73.08056,289,37.25,0.0
-69.61596275374706,-10.636970918035152,82.15552,15.1779995,75.0,31.328,1663.0,75.0,73.08056,299,37.25,0.0
-69.61573567654617,-10.632613641020496,82.15552,15.1779995,75.0,31.328,1663.0,75.0,73.08056,299,37.25,0.0
-69.61550869775354,-10.628256358146524,82.15552,15.1779995,75.0,31.328,1663.0,75.0,73.08056,307,37.25,0.0
-69.61528181736253,-10.623899069415792,82.15552,15.1779995,75.0,31.328,1663.0,75.0,73.08056,307,37.25,0.0
-69.61505503536645,-10.619541774830846,82.15552,15.1779995,75.0,31.328,1663.0,75.0,73.08056,299,37.25,0.0
-69.61482835175869,-10.61518447439424,82.15552,15.1779995,75.0,31.328,1663.0,75.0,73.08056,292,37.25,0.0
-69.61460176653257,-10.610827168108528,82.15552,15.1779995,75.0,31.328,1663.0,75.0,73.08056,292,37.25,0.0
-69.65978317255646,-10.59992319951335,82.15552,15.1779995,75.0,31.328,1663.0,75.0,73.08056,285,37.25,0.0
-69.65932949526768,-10.591210385660872,82.15552,15.1779995,75.0,31.328,1663.0,75.0,73.08056,283,37.25,0.0
-69.65910280453502,-10.586853969942911,82.15552,15.1779995,75.0,31.328,1663.0,75.0,73.08056,286,37.25,0.0
-69.65521977241342,-10.600142380371128,82.15552,15.1779995,75.0,31.328,1663.0,75.0,73.08056,284,37.25,0.0
-69.65499294422197,-10.59578588429083,82.15552,15.1779995,75.0,31.328,1663.0,75.0,73.08056,283,37.25,0.0
-69.65476621461704,-10.591429382350071,82.15552,15.1779995,75.0,31.328,1663.0,75.0,73.08056,283,37.25,0.0
-69.65453958359203,-10.58707287455142,82.15552,15.1779995,75.0,31.328,1663.0,75.0,73.08056,286,37.25,0.0
-69.6506563660464,-10.60036150635776,82.15552,15.1779995,75.0,31.328,1663.0,75.0,73.08056,293,37.25,0.0
-69.65042959761931,-10.5960049182149,82.15552,15.1779995,75.0,31.328,1663.0,75.0,73.08056,286,37.25,0.0
-69.65020292775304,-10.591648324213976,82.15552,15.1779995,75.0,31.328,1663.0,75.0,73.08056,286,37.25,0.0
-69.64997635644099,-10.587291724357549,82.15552,15.1779995,75.0,31.328,1663.0,75.0,73.08056,285,37.25,0.0
-69.64609295345667,-10.60058057746583,82.15552,15.1779995,75.0,31.328,1663.0,75.0,73.08056,293,37.25,0.0
-69.64586624479925,-10.596223897283334,82.15552,15.1779995,75.0,31.328,1663.0,75.0,73.08056,286,37.25,0.0
-69.64563963467695,-10.591867211245166,82.15552,15.1779995,75.0,31.328,1663.0,75.0,73.08056,286,37.25,0.0
-69.64541312308315,-10.587510519353897,82.15552,15.1779995,75.0,31.328,1663.0,75.0,73.08056,285,37.25,0.0
-69.64152953464546,-10.600799593687926,82.15552,15.1779995,75.0,31.328,1663.0,75.0,73.08056,284,37.25,0.0
-69.64130288576303,-10.596442821488722,82.15552,15.1779995,75.0,31.328,1663.0,75.0,73.08056,276,37.25,0.0
-69.64107633539003,-10.592086043436243,82.15552,15.1779995,75.0,31.328,1663.0,75.0,73.08056,276,37.25,0.0
-69.64084988351979,-10.587729259533052,82.15552,15.1779995,75.0,31.328,1663.0,75.0,73.08056,276,37.25,0.0
-69.64062353014569,-10.583372469781704,82.15552,15.1779995,75.0,31.328,1663.0,75.0,73.08056,276,37.25,0.0
-69.63696610961408,-10.601018555016632,82.15552,15.1779995,75.0,31.328,1663.0,75.0,73.08056,284,37.25,0.0
-69.63673952051195,-10.596661690823652,82.15552,15.1779995,75.0,31.328,1663.0,75.0,73.08056,276,37.25,0.0
-69.63651302989352,-10.592304820779797,82.15552,15.1779995,75.0,31.328,1663.0,75.0,73.08056,276,37.25,0.0
-69.63628663775215,-10.58794794488762,82.15552,15.1779995,75.0,31.328,1663.0,75.0,73.08056,276,37.25,0.0
-69.63606034408122,-10.583591063149676,82.15552,15.1779995,75.0,31.328,1663.0,75.0,73.08056,276,37.25,0.0
-69.63240267836376,-10.601237461444535,82.15552,15.1779995,75.0,31.328,1663.0,75.0,73.08056,291,37.25,0.0
-69.63217614904725,-10.596880505280716,82.15552,15.1779995,75.0,31.328,1663.0,75.0,73.08056,293,37.25,0.0
-69.63194971818872,-10.592523543268417,82.15552,15.1779995,75.0,31.328,1663.0,75.0,73.08056,293,37.25,0.0
-69.63172338578153,-10.588166575410192,82.15552,15.1779995,75.0,31.328,1663.0,75.0,73.08056,287,37.25,0.0
-69.63149715181905,-10.583809601708593,82.15552,15.1779995,75.0,31.328,1663.0,75.0,73.08056,287,37.25,0.0
-69.62783924089582,-10.601456312964231,82.15552,15.1779995,75.0,31.328,1663.0,75.0,73.08056,291,37.25,0.0
-69.62761277137021,-10.597099264852517,82.15552,15.1779995,75.0,31.328,1663.0,75.0,73.08056,293,37.25,0.0
-69.62738640027686,-10.592742210894713,82.15552,15.1779995,75.0,31.328,1663.0,75.0,73.08056,293,37.25,0.0
-69.62716012760916,-10.588385151093377,82.15552,15.1779995,75.0,31.328,1663.0,75.0,73.08056,287,37.25,0.0
-69.62693395336045,-10.584028085451054,82.15552,15.1779995,75.0,31.328,1663.0,75.0,73.08056,287,37.25,0.0
-69.62327579721148,-10.601675109568305,82.15552,15.1779995,75.0,31.328,1663.0,75.0,73.08056,297,37.25,0.0
-69.62304938748211,-10.597317969531636,82.15552,15.1779995,75.0,31.328,1663.0,75.0,73.08056,291,37.25,0.0
-69.62282307615926,-10.592960823651268,82.15552,15.1779995,75.0,31.328,1663.0,75.0,73.08056,291,37.25,0.0
-69.62259686323634,-10.588603671929762,82.15552,15.1779995,75.0,31.328,1663.0,75.0,73.08056,293,37.25,0.0
-69.62237074870667,-10.584246514369664,82.15552,15.1779995,75.0,31.328,1663.0,75.0,73.08056,293,37.25,0.0
-69.61871234731203,-10.601893851249352,82.15552,15.1779995,75.0,31.328,1663.0,75.0,73.08056,297,37.25,0.0
-69.61848599738417,-10.597536619310674,82.15552,15.1779995,75.0,31.328,1663.0,75.0,73.08056,291,37.25,0.0
-69.61825974583715,-10.59317938153069,82.15552,15.1779995,75.0,31.328,1663.0,75.0,73.08056,291,37.25,0.0
-69.61803359266429,-10.58882213791196,82.15552,15.1779995,75.0,31.328,1663.0,75.0,73.08056,293,37.25,0.0
-69.617807537859,-10.584464888457031,82.15552,15.1779995,75.0,31.328,1663.0,75.0,73.08056,287,37.25,0.0
-69.61414889119874,-10.602112537999972,82.15552,15.1779995,75.0,31.328,1663.0,75.0,73.08056,292,37.25,0.0
-69.61392260107772,-10.597755214182229,82.15552,15.1779995,75.0,31.328,1663.0,75.0,73.08056,280,37.25,0.0
-69.6136964093118,-10.59339788452558,82.15552,15.1779995,75.0,31.328,1663.0,75.0,73.08056,280,37.25,0.0
-69.61347031589432,-10.589040549032571,82.15552,15.1779995,75.0,31.328,1663.0,75.0,73.08056,287,37.25,0.0
-69.61324432081868,-10.584683207705757,82.15552,15.1779995,75.0,31.328,1663.0,75.0,73.08056,287,37.25,0.0
-69.6215650112047,-10.91627478971974,86.11739,15.651001,67.0,31.634,1613.0,67.0,72.021484,294,37.25,0.0
-69.62133174522741,-10.911917708977526,86.11739,15.651001,67.0,31.634,1613.0,67.0,72.021484,295,37.25,0.0
-69.62109857803928,-10.907560622217243,86.11739,15.651001,67.0,31.634,1613.0,67.0,72.021484,295,37.25,0.0
-69.62086550963343,-10.903203529441464,86.11739,15.651001,67.0,31.634,1613.0,67.0,72.021484,291,37.25,0.0
-69.62063254000302,-10.898846430652736,86.11739,15.651001,67.0,31.634,1613.0,67.0,72.021484,291,37.25,0.0
-69.61923679612143,-10.872703711792012,86.11739,15.651001,67.0,31.634,1613.0,67.0,72.021484,303,37.25,0.0
-69.61699716149764,-10.916499928322892,86.11739,15.651001,67.0,31.634,1613.0,67.0,72.021484,293,37.25,0.0
-69.61629784488694,-10.903428392096426,86.11739,15.651001,67.0,31.634,1613.0,67.0,72.021484,293,37.25,0.0
-69.6160649368584,-10.899071201329903,86.11739,15.651001,67.0,31.634,1613.0,67.0,72.021484,293,37.25,0.0
-69.61583212757259,-10.89471400455547,86.11739,15.651001,67.0,31.634,1613.0,67.0,72.021484,301,37.25,0.0
-69.6155994170227,-10.89035680177568,86.11739,15.651001,67.0,31.634,1613.0,67.0,72.021484,301,37.25,0.0
-69.61536680520189,-10.88599959299309,86.11739,15.651001,67.0,31.634,1613.0,67.0,72.021484,304,37.25,0.0
-69.6146695620455,-10.87292793065415,86.11739,15.651001,67.0,31.634,1613.0,67.0,72.021484,300,37.25,0.0
-69.61173017355989,-10.90365319820591,86.11739,15.651001,67.0,31.634,1613.0,67.0,72.021484,293,37.25,0.0
-69.61149732713868,-10.89929591548459,86.11739,15.651001,67.0,31.634,1613.0,67.0,72.021484,293,37.25,0.0
-69.61126457943438,-10.894938626757812,86.11739,15.651001,67.0,31.634,1613.0,67.0,72.021484,301,37.25,0.0
-69.61103193044015,-10.890581332028148,86.11739,15.651001,67.0,31.634,1613.0,67.0,72.021484,301,37.25,0.0
-69.61079938014916,-10.88622403129815,86.11739,15.651001,67.0,31.634,1613.0,67.0,72.021484,304,37.25,0.0
-69.61056692855458,-10.88186672457038,86.11739,15.651001,67.0,31.634,1613.0,67.0,72.021484,304,37.25,0.0
-69.6101023214273,-10.873152093131743,86.11739,15.651001,67.0,31.634,1613.0,67.0,72.021484,300,37.25,0.0
-69.60716249565363,-10.903877947762298,86.11739,15.651001,67.0,31.634,1613.0,67.0,72.021484,296,37.25,0.0
-69.60692971084521,-10.89952057310917,86.11739,15.651001,67.0,31.634,1613.0,67.0,72.021484,296,37.25,0.0
-69.60669702472788,-10.895163192453053,86.11739,15.651001,67.0,31.634,1613.0,67.0,72.021484,300,37.25,0.0
-69.60646443729478,-10.890805805796507,86.11739,15.651001,67.0,31.634,1613.0,67.0,72.021484,300,37.25,0.0
-69.60553507426813,-10.8733761992172,86.11739,15.651001,67.0,31.634,1613.0,67.0,72.021484,301,37.25,0.0
-69.6025948111695,-10.904102640757966,86.11739,15.651001,67.0,31.634,1613.0,67.0,72.021484,296,37.25,0.0
-69.60236208797934,-10.89974517419603,86.11739,15.651001,67.0,31.634,1613.0,67.0,72.021484,296,37.25,0.0
-69.60212946345446,-10.89538770163357,86.11739,15.651001,67.0,31.634,1613.0,67.0,72.021484,300,37.25,0.0
-69.60189693758795,-10.891030223073145,86.11739,15.651001,67.0,31.634,1613.0,67.0,72.021484,300,37.25,0.0
-69.60096782056934,-10.87360024890292,86.11739,15.651001,67.0,31.634,1613.0,67.0,72.021484,298,37.25,0.0
-69.59849273918717,-10.913042376076394,86.11739,15.651001,67.0,31.634,1613.0,67.0,72.021484,290,37.25,0.0
-69.59825988032145,-10.908684829632431,86.11739,15.651001,67.0,31.634,1613.0,67.0,72.021484,290,37.25,0.0
-69.59802712010882,-10.904327277185295,86.11739,15.651001,67.0,31.634,1613.0,67.0,72.021484,303,37.25,0.0
-69.59779445854244,-10.899969718737555,86.11739,15.651001,67.0,31.634,1613.0,67.0,72.021484,303,37.25,0.0
-69.59756189561544,-10.895612154291754,86.11739,15.651001,67.0,31.634,1613.0,67.0,72.021484,301,37.25,0.0
-69.59732943132101,-10.891254583850444,86.11739,15.651001,67.0,31.634,1613.0,67.0,72.021484,301,37.25,0.0
-69.5970970656523,-10.886897007416197,86.11739,15.651001,67.0,31.634,1613.0,67.0,72.021484,305,37.25,0.0
-69.5968647986025,-10.882539424991553,86.11739,15.651001,67.0,31.634,1613.0,67.0,72.021484,305,37.25,0.0
-69.59663263016476,-10.87818183657907,86.11739,15.651001,67.0,31.634,1613.0,67.0,72.021484,298,37.25,0.0
-69.59640056033226,-10.87382424218131,86.11739,15.651001,67.0,31.634,1613.0,67.0,72.021484,298,37.25,0.0
-69.59392491821534,-10.913267139660771,86.11739,15.651001,67.0,31.634,1613.0,67.0,72.021484,290,37.25,0.0
-69.59369212103056,-10.908909501349076,86.11739,15.651001,67.0,31.634,1613.0,67.0,72.021484,290,37.25,0.0
-69.59345942247299,-10.904551857036685,86.11739,15.651001,67.0,31.634,1613.0,67.0,72.021484,303,37.25,0.0
-69.59322682253583,-10.900194206726136,86.11739,15.651001,67.0,31.634,1613.0,67.0,72.021484,303,37.25,0.0
-69.5929943212122,-10.895836550419997,86.11739,15.651001,67.0,31.634,1613.0,67.0,72.021484,301,37.25,0.0
-69.59276191849528,-10.891478888120815,86.11739,15.651001,67.0,31.634,1613.0,67.0,72.021484,300,37.25,0.0
-69.59252961437828,-10.887121219831146,86.11739,15.651001,67.0,31.634,1613.0,67.0,72.021484,290,37.25,0.0
-69.59229740885432,-10.882763545553551,86.11739,15.651001,67.0,31.634,1613.0,67.0,72.021484,290,37.25,0.0
-69.59206530191658,-10.878405865290576,86.11739,15.651001,67.0,31.634,1613.0,67.0,72.021484,294,37.25,0.0
-69.59183329355824,-10.874048179044774,86.11739,15.651001,67.0,31.634,1613.0,67.0,72.021484,294,37.25,0.0
-69.58935709065875,-10.913491846615562,86.11739,15.651001,67.0,31.634,1613.0,67.0,72.021484,302,37.25,0.0
-69.58912435516035,-10.909134116459148,86.11739,15.651001,67.0,31.634,1613.0,67.0,72.021484,302,37.25,0.0
-69.58842674024606,-10.89606089001069,86.11739,15.651001,67.0,31.634,1613.0,67.0,72.021484,300,37.25,0.0
-69.58819439911215,-10.891703135876636,86.11739,15.651001,67.0,31.634,1613.0,67.0,72.021484,300,37.25,0.0
-69.58796215655228,-10.887345375754562,86.11739,15.651001,67.0,31.634,1613.0,67.0,72.021484,290,37.25,0.0
-69.58773001255962,-10.88298760964702,86.11739,15.651001,67.0,31.634,1613.0,67.0,72.021484,290,37.25,0.0
-69.58749796712735,-10.878629837556554,86.11739,15.651001,67.0,31.634,1613.0,67.0,72.021484,294,37.25,0.0
-69.58726602024863,-10.874272059485724,86.11739,15.651001,67.0,31.634,1613.0,67.0,72.021484,294,37.25,0.0
-69.58478925651873,-10.913716496933148,86.11739,15.651001,67.0,31.634,1613.0,67.0,72.021484,302,37.25,0.0
-69.5845565827122,-10.909358674955024,86.11739,15.651001,67.0,31.634,1613.0,67.0,72.021484,302,37.25,0.0
-69.58385915271838,-10.89628517305622,86.11739,15.651001,67.0,31.634,1613.0,67.0,72.021484,299,37.25,0.0
-69.58362687317293,-10.891927327110311,86.11739,15.651001,67.0,31.634,1613.0,67.0,72.021484,299,37.25,0.0
-69.58339469217566,-10.887569475178845,86.11739,15.651001,67.0,31.634,1613.0,67.0,72.021484,291,37.25,0.0
-69.58316260971976,-10.883211617264362,86.72932,15.787,67.0,31.786,1603.0,67.0,71.901985,291,37.25,0.0
-69.58293062579841,-10.878853753369414,86.72932,15.787,67.0,31.786,1603.0,67.0,71.901985,290,37.25,0.0
-69.58269874040478,-10.874495883496564,86.72932,15.787,67.0,31.786,1603.0,67.0,71.901985,290,37.25,0.0
-69.5792915586305,-10.896509399548991,86.72932,15.787,67.0,31.786,1603.0,67.0,71.901985,299,37.25,0.0
-69.57905934067898,-10.89215146181424,86.72932,15.787,67.0,31.786,1603.0,67.0,71.901985,299,37.25,0.0
-69.57882722124977,-10.887793518096387,86.72932,15.787,67.0,31.786,1603.0,67.0,71.901985,291,37.25,0.0
-69.57859520033608,-10.88343556839798,86.72932,15.787,67.0,31.786,1603.0,67.0,71.901985,291,37.25,0.0
-69.5783632779311,-10.879077612721568,86.72932,15.787,67.0,31.786,1603.0,67.0,71.901985,290,37.25,0.0
-69.578131454028,-10.874719651069707,86.72932,15.787,67.0,31.786,1603.0,67.0,71.901985,290,37.25,0.0
-69.57565356849385,-10.914165627626229,86.72932,15.787,67.0,31.786,1603.0,67.0,71.901985,305,37.25,0.0
-69.57542101808744,-10.90980762207374,86.72932,15.787,67.0,31.786,1603.0,67.0,71.901985,305,37.25,0.0
-69.57472395798376,-10.896733569481391,86.72932,15.787,67.0,31.786,1603.0,67.0,71.901985,290,37.25,0.0
-69.57449180163161,-10.892375539980817,86.72932,15.787,67.0,31.786,1603.0,67.0,71.901985,290,37.25,0.0
-69.57425974377594,-10.8880175044996,86.72932,15.787,67.0,31.786,1603.0,67.0,71.901985,300,37.25,0.0
-69.57402778440994,-10.883659463040283,86.72932,15.787,67.0,31.786,1603.0,67.0,71.901985,300,37.25,0.0
-69.57379592352677,-10.879301415605422,86.72932,15.787,67.0,31.786,1603.0,67.0,71.901985,298,37.25,0.0
-69.57356416111965,-10.87494336219756,86.72932,15.787,67.0,31.786,1603.0,67.0,71.901985,298,37.25,0.0
-69.61877233805434,-10.863989424184322,86.11739,15.651001,67.0,31.634,1613.0,67.0,72.021484,298,37.25,0.0
-69.61854025709508,-10.859632271394348,86.11739,15.651001,67.0,31.634,1613.0,67.0,72.021484,298,37.25,0.0
-69.61784460643266,-10.846560777110634,86.11739,15.651001,67.0,31.634,1613.0,67.0,72.021484,293,37.25,0.0
-69.61761292026092,-10.84220360038666,86.11739,15.651001,67.0,31.634,1613.0,67.0,72.021484,290,37.25,0.0
-69.61738133276904,-10.837846417685585,86.11739,15.651001,67.0,31.634,1613.0,67.0,72.021484,303,37.25,0.0
-69.61714984395022,-10.833489229009963,86.11739,15.651001,67.0,31.634,1613.0,67.0,72.021484,303,37.25,0.0
-69.6142052267947,-10.864213459127798,86.11739,15.651001,67.0,31.634,1613.0,67.0,72.021484,299,37.25,0.0
-69.61397320720486,-10.859856214382178,86.11739,15.651001,67.0,31.634,1613.0,67.0,72.021484,299,37.25,0.0
-69.6137412862963,-10.855498963651678,86.11739,15.651001,67.0,31.634,1613.0,67.0,72.021484,301,37.25,0.0
-69.6135094640622,-10.851141706938852,86.11739,15.651001,67.0,31.634,1613.0,67.0,72.021484,301,37.25,0.0
-69.61327774049577,-10.84678444424626,86.11739,15.651001,67.0,31.634,1613.0,67.0,72.021484,290,37.25,0.0
-69.61304611559018,-10.84242717557646,86.11739,15.651001,67.0,31.634,1613.0,67.0,72.021484,290,37.25,0.0
-69.61281458933863,-10.838069900932007,86.11739,15.651001,67.0,31.634,1613.0,67.0,72.021484,303,37.25,0.0
-69.61258316173432,-10.833712620315463,86.11739,15.651001,67.0,31.634,1613.0,67.0,72.021484,303,37.25,0.0
-69.6096381090037,-10.86443743773271,86.11739,15.651001,67.0,31.634,1613.0,67.0,72.021484,299,37.25,0.0
-69.60940615078873,-10.860080101054436,86.11739,15.651001,67.0,31.634,1613.0,67.0,72.021484,296,37.25,0.0
-69.60917429122921,-10.855722758393735,86.11739,15.651001,67.0,31.634,1613.0,67.0,72.021484,293,37.25,0.0
-69.60894253031833,-10.851365409753162,86.11739,15.651001,67.0,31.634,1613.0,67.0,72.021484,293,37.25,0.0
-69.6087108680493,-10.847008055135278,86.11739,15.651001,67.0,31.634,1613.0,67.0,72.021484,293,37.25,0.0
-69.60847930441528,-10.842650694542636,86.11739,15.651001,67.0,31.634,1613.0,67.0,72.021484,293,37.25,0.0
-69.60824783940951,-10.838293327977796,86.11739,15.651001,67.0,31.634,1613.0,67.0,72.021484,291,37.25,0.0
-69.60801647302515,-10.83393595544331,86.11739,15.651001,67.0,31.634,1613.0,67.0,72.021484,291,37.25,0.0
-69.60507098468264,-10.864661359991468,86.11739,15.651001,67.0,31.634,1613.0,67.0,72.021484,296,37.25,0.0
-69.60483908784798,-10.86030393140353,86.11739,15.651001,67.0,31.634,1613.0,67.0,72.021484,296,37.25,0.0
-69.60460728964296,-10.85594649683562,86.11739,15.651001,67.0,31.634,1613.0,67.0,72.021484,293,37.25,0.0
-69.60437559006074,-10.851589056290292,86.11739,15.651001,67.0,31.634,1613.0,67.0,72.021484,293,37.25,0.0
-69.60414398909455,-10.847231609770104,86.11739,15.651001,67.0,31.634,1613.0,67.0,72.021484,293,37.25,0.0
-69.60391248673757,-10.842874157277612,86.11739,15.651001,67.0,31.634,1613.0,67.0,72.021484,293,37.25,0.0
-69.603681082983,-10.838516698815368,86.11739,15.651001,67.0,31.634,1613.0,67.0,72.021484,291,37.25,0.0
-69.60344977782403,-10.834159234385934,86.11739,15.651001,67.0,31.634,1613.0,67.0,72.021484,291,37.25,0.0
-69.60050385383286,-10.86488522589648,86.11739,15.651001,67.0,31.634,1613.0,67.0,72.021484,292,37.25,0.0
-69.60027201838396,-10.860527705421871,86.11739,15.651001,67.0,31.634,1613.0,67.0,72.021484,292,37.25,0.0
-69.59957710363288,-10.847455108143166,86.11739,15.651001,67.0,31.634,1613.0,67.0,72.021484,290,37.25,0.0
-69.59934566255836,-10.843097563773815,86.11739,15.651001,67.0,31.634,1613.0,67.0,72.021484,290,37.25,0.0
-69.59911432006044,-10.838740013437166,86.11739,15.651001,67.0,31.634,1613.0,67.0,72.021484,301,37.25,0.0
-69.59888307613228,-10.834382457135767,86.11739,15.651001,67.0,31.634,1613.0,67.0,72.021484,301,37.25,0.0
-69.59593671645571,-10.865109035440163,86.11739,15.651001,67.0,31.634,1613.0,67.0,72.021484,292,37.25,0.0
-69.59570494239803,-10.86075142310188,86.11739,15.651001,67.0,31.634,1613.0,67.0,72.021484,292,37.25,0.0
-69.59501021166561,-10.847678550246878,86.11739,15.651001,67.0,31.634,1613.0,67.0,72.021484,290,37.25,0.0
-69.594778831879,-10.843320914023668,86.11739,15.651001,67.0,31.634,1613.0,67.0,72.021484,290,37.25,0.0
-69.59454755064313,-10.838963271835604,86.11739,15.651001,67.0,31.634,1613.0,67.0,72.021484,301,37.25,0.0
-69.59431636795125,-10.834605623685247,86.11739,15.651001,67.0,31.634,1613.0,67.0,72.021484,301,37.25,0.0
-69.59044331319407,-10.847901936073676,86.11739,15.651001,67.0,31.634,1613.0,67.0,72.021484,299,37.25,0.0
-69.5902119947008,-10.8435442080196,86.11739,15.651001,67.0,31.634,1613.0,67.0,72.021484,299,37.25,0.0
-69.58998077473245,-10.839186474003125,86.11739,15.651001,67.0,31.634,1613.0,67.0,72.021484,299,37.25,0.0
-69.58974965328224,-10.834828734026802,86.11739,15.651001,67.0,31.634,1613.0,67.0,72.021484,299,37.25,0.0
-69.58587640821962,-10.848125265615977,86.11739,15.651001,67.0,31.634,1613.0,67.0,72.021484,299,37.25,0.0
-69.58564515102512,-10.843767445754043,86.11739,15.651001,67.0,31.634,1613.0,67.0,72.021484,299,37.25,0.0
-69.5854139923297,-10.839409619932155,86.11739,15.651001,67.0,31.634,1613.0,67.0,72.021484,299,37.25,0.0
-69.58518293212661,-10.835051788152876,86.11739,15.651001,67.0,31.634,1613.0,67.0,72.021484,299,37.25,0.0
-69.58223526517341,-10.865780125827335,86.72932,15.787,67.0,31.786,1603.0,67.0,71.901985,306,37.25,0.0
-69.58200367532204,-10.861422238036065,86.72932,15.787,67.0,31.786,1603.0,67.0,71.901985,287,37.25,0.0
-69.58177218397115,-10.857064344277086,86.72932,15.787,67.0,31.786,1603.0,67.0,71.901985,287,37.25,0.0
-69.58154079111392,-10.852706444552954,86.72932,15.787,67.0,31.786,1603.0,67.0,71.901985,293,37.25,0.0
-69.58130949674357,-10.84834853886622,86.72932,15.787,67.0,31.786,1603.0,67.0,71.901985,298,37.25,0.0
-69.58107830085326,-10.843990627219434,86.72932,15.787,67.0,31.786,1603.0,67.0,71.901985,298,37.25,0.0
-69.58084720343624,-10.839632709615142,86.72932,15.787,67.0,31.786,1603.0,67.0,71.901985,297,37.25,0.0
-69.58061620448571,-10.8352747860559,86.72932,15.787,67.0,31.786,1603.0,67.0,71.901985,297,37.25,0.0
-69.57766810170013,-10.866003709849824,86.72932,15.787,67.0,31.786,1603.0,67.0,71.901985,306,37.25,0.0
-69.57743657326178,-10.861645730286904,86.72932,15.787,67.0,31.786,1603.0,67.0,71.901985,287,37.25,0.0
-69.57720514329803,-10.857287744758732,86.72932,15.787,67.0,31.786,1603.0,67.0,71.901985,287,37.25,0.0
-69.57697381180212,-10.852929753267857,86.72932,15.787,67.0,31.786,1603.0,67.0,71.901985,293,37.25,0.0
-69.57674257876724,-10.848571755816828,86.72932,15.787,67.0,31.786,1603.0,67.0,71.901985,293,37.25,0.0
-69.5765114441866,-10.844213752408198,86.72932,15.787,67.0,31.786,1603.0,67.0,71.901985,298,37.25,0.0
-69.57628040805338,-10.83985574304451,86.72932,15.787,67.0,31.786,1603.0,67.0,71.901985,297,37.25,0.0
-69.57604947036081,-10.835497727728317,86.72932,15.787,67.0,31.786,1603.0,67.0,71.901985,293,37.25,0.0
-69.5731009317062,-10.866227237473051,86.72932,15.787,67.0,31.786,1603.0,67.0,71.901985,292,37.25,0.0
-69.57286946468626,-10.8618691661615,86.72932,15.787,67.0,31.786,1603.0,67.0,71.901985,285,37.25,0.0
-69.57263809611513,-10.85751108888715,86.72932,15.787,67.0,31.786,1603.0,67.0,71.901985,285,37.25,0.0
-69.57240682598598,-10.853153005652544,86.72932,15.787,67.0,31.786,1603.0,67.0,71.901985,301,37.25,0.0
-69.572175654292,-10.848794916460232,86.72932,15.787,67.0,31.786,1603.0,67.0,71.901985,301,37.25,0.0
-69.57194458102643,-10.844436821312769,86.72932,15.787,67.0,31.786,1603.0,67.0,71.901985,289,37.25,0.0
-69.57171360618246,-10.840078720212697,86.72932,15.787,67.0,31.786,1603.0,67.0,71.901985,293,37.25,0.0
-69.57148272975328,-10.835720613162566,86.72932,15.787,67.0,31.786,1603.0,67.0,71.901985,293,37.25,0.0
-69.60819867281695,-10.663554237768112,82.15552,15.1779995,75.0,31.328,1663.0,75.0,73.08056,309,37.25,0.0
-69.60363435784843,-10.663774045277432,82.15552,15.1779995,75.0,31.328,1663.0,75.0,73.08056,309,37.25,0.0
-69.6077436763335,-10.654839380775003,82.15552,15.1779995,75.0,31.328,1663.0,75.0,73.08056,298,37.25,0.0
-69.60751632568025,-10.650481943476285,82.15552,15.1779995,75.0,31.328,1663.0,75.0,73.08056,298,37.25,0.0
-69.60728907341043,-10.64612450031285,82.15552,15.1779995,75.0,31.328,1663.0,75.0,73.08056,303,37.25,0.0
-69.60706191951738,-10.641767051287252,82.15552,15.1779995,75.0,31.328,1663.0,75.0,73.08056,303,37.25,0.0
-69.60683486399445,-10.637409596402048,82.15552,15.1779995,75.0,31.328,1663.0,75.0,73.08056,311,37.25,0.0
-69.60660790683492,-10.633052135659778,82.15552,15.1779995,75.0,31.328,1663.0,75.0,73.08056,311,37.25,0.0
-69.60638104803219,-10.628694669062998,82.15552,15.1779995,75.0,31.328,1663.0,75.0,73.08056,308,37.25,0.0
-69.60615428757957,-10.624337196614253,82.15552,15.1779995,75.0,31.328,1663.0,75.0,73.08056,308,37.25,0.0
-69.60592762547046,-10.619979718316094,82.15552,15.1779995,75.0,31.328,1663.0,75.0,73.08056,302,37.25,0.0
-69.60570106169814,-10.615622234171068,82.15552,15.1779995,75.0,31.328,1663.0,75.0,73.08056,302,37.25,0.0
-69.605474596256,-10.611264744181724,82.15552,15.1779995,75.0,31.328,1663.0,75.0,73.08056,288,37.25,0.0
-69.60317948170558,-10.655059004599154,82.15552,15.1779995,75.0,31.328,1663.0,75.0,73.08056,298,37.25,0.0
-69.602952191184,-10.650701475461458,82.15552,15.1779995,75.0,31.328,1663.0,75.0,73.08056,298,37.25,0.0
-69.60272499902011,-10.646343940461453,82.15552,15.1779995,75.0,31.328,1663.0,75.0,73.08056,303,37.25,0.0
-69.60249790520722,-10.641986399601691,82.15552,15.1779995,75.0,31.328,1663.0,75.0,73.08056,303,37.25,0.0
-69.60227090973869,-10.63762885288472,82.15552,15.1779995,75.0,31.328,1663.0,75.0,73.08056,311,37.25,0.0
-69.60204401260783,-10.633271300313083,82.15552,15.1779995,75.0,31.328,1663.0,75.0,73.08056,311,37.25,0.0
-69.60181721380803,-10.62891374188934,82.15552,15.1779995,75.0,31.328,1663.0,75.0,73.08056,308,37.25,0.0
-69.60159051333261,-10.624556177616029,82.15552,15.1779995,75.0,31.328,1663.0,75.0,73.08056,308,37.25,0.0
-69.6013639111749,-10.6201986074957,82.15552,15.1779995,75.0,31.328,1663.0,75.0,73.08056,302,37.25,0.0
-69.60113740732828,-10.615841031530907,82.15552,15.1779995,75.0,31.328,1663.0,75.0,73.08056,301,37.25,0.0
-69.6009110017861,-10.611483449724188,82.15552,15.1779995,75.0,31.328,1663.0,75.0,73.08056,300,37.25,0.0
-69.59861528080509,-10.655278573187688,82.15552,15.1779995,75.0,31.328,1663.0,75.0,73.08056,308,37.25,0.0
-69.59838805042052,-10.65092095223398,82.15552,15.1779995,75.0,31.328,1663.0,75.0,73.08056,308,37.25,0.0
-69.59816091836787,-10.646563325420372,82.15552,15.1779995,75.0,31.328,1663.0,75.0,73.08056,310,37.25,0.0
-69.59793388464047,-10.642205692749409,82.15552,15.1779995,75.0,31.328,1663.0,75.0,73.08056,310,37.25,0.0
-69.59770694923168,-10.637848054223634,82.15552,15.1779995,75.0,31.328,1663.0,75.0,73.08056,315,37.25,0.0
-69.59748011213483,-10.6334904098456,82.15552,15.1779995,75.0,31.328,1663.0,75.0,73.08056,315,37.25,0.0
-69.59725337334326,-10.629132759617857,82.15552,15.1779995,75.0,31.328,1663.0,75.0,73.08056,311,37.25,0.0
-69.59702673285034,-10.624775103542946,82.15552,15.1779995,75.0,31.328,1663.0,75.0,73.08056,311,37.25,0.0
-69.59680019064939,-10.620417441623417,82.15552,15.1779995,75.0,31.328,1663.0,75.0,73.08056,301,37.25,0.0
-69.59657374673377,-10.61605977386181,82.15552,15.1779995,75.0,31.328,1663.0,75.0,73.08056,301,37.25,0.0
-69.59634740109685,-10.611702100260684,82.15552,15.1779995,75.0,31.328,1663.0,75.0,73.08056,300,37.25,0.0
-69.59405107363334,-10.655498086533155,82.15552,15.1779995,75.0,31.328,1663.0,75.0,73.08056,308,37.25,0.0
-69.5938239033911,-10.651140373786417,82.15552,15.1779995,75.0,31.328,1663.0,75.0,73.08056,308,37.25,0.0
-69.59359683145502,-10.646782655182172,82.15552,15.1779995,75.0,31.328,1663.0,75.0,73.08056,310,37.25,0.0
-69.59336985781844,-10.642424930722978,82.15552,15.1779995,75.0,31.328,1663.0,75.0,73.08056,310,37.25,0.0
-69.59314298247472,-10.638067200411372,82.15552,15.1779995,75.0,31.328,1663.0,75.0,73.08056,315,37.25,0.0
-69.59291620541717,-10.63370946424991,82.15552,15.1779995,75.0,31.328,1663.0,75.0,73.08056,315,37.25,0.0
-69.59268952663916,-10.629351722241134,82.15552,15.1779995,75.0,31.328,1663.0,75.0,73.08056,309,37.25,0.0
-69.59246294613403,-10.624993974387593,82.15552,15.1779995,75.0,31.328,1663.0,75.0,73.08056,309,37.25,0.0
-69.59223646389515,-10.620636220691823,82.15552,15.1779995,75.0,31.328,1663.0,75.0,73.08056,311,37.25,0.0
-69.59201007991585,-10.616278461156378,82.15552,15.1779995,75.0,31.328,1663.0,75.0,73.08056,311,37.25,0.0
-69.59178379418951,-10.611920695783809,82.15552,15.1779995,75.0,31.328,1663.0,75.0,73.08056,312,37.25,0.0
-69.58857900946904,-10.63828629144051,82.15552,15.1779995,75.0,31.328,1663.0,75.0,73.08056,315,37.25,0.0
-69.58835229245614,-10.63392846351859,82.15552,15.1779995,75.0,31.328,1663.0,75.0,73.08056,315,37.25,0.0
-69.58812567369701,-10.629570629751752,82.15552,15.1779995,75.0,31.328,1663.0,75.0,73.08056,309,37.25,0.0
-69.58789915318499,-10.625212790142546,82.15552,15.1779995,75.0,31.328,1663.0,75.0,73.08056,309,37.25,0.0
-69.58767273091348,-10.620854944693514,82.15552,15.1779995,75.0,31.328,1663.0,75.0,73.08056,311,37.25,0.0
-69.58744640687581,-10.6164970934072,82.15552,15.1779995,75.0,31.328,1663.0,75.0,73.08056,311,37.25,0.0
-69.58722018106533,-10.612139236286152,82.15552,15.1779995,75.0,31.328,1663.0,75.0,73.08056,312,37.25,0.0
-69.58401503021597,-10.638505327303625,82.15552,15.1779995,75.0,31.328,1663.0,75.0,73.08056,315,37.25,0.0
-69.583788373253,-10.63414740764422,82.15552,15.1779995,75.0,31.328,1663.0,75.0,73.08056,315,37.25,0.0
-69.58356181451805,-10.629789482142298,82.15552,15.1779995,75.0,31.328,1663.0,75.0,73.08056,303,37.25,0.0
-69.58333535400449,-10.625431550800402,82.15552,15.1779995,75.0,31.328,1663.0,75.0,73.08056,303,37.25,0.0
-69.60502196033572,-10.602549746680287,82.15552,15.1779995,75.0,31.328,1663.0,75.0,73.08056,283,37.25,0.0
-69.60479578984427,-10.598192239173285,82.15552,15.1779995,75.0,31.328,1663.0,75.0,73.08056,290,37.25,0.0
-69.60456971765646,-10.593834725832158,82.15552,15.1779995,75.0,31.328,1663.0,75.0,73.08056,290,37.25,0.0
-69.60434374376565,-10.589477206659456,82.15552,15.1779995,75.0,31.328,1663.0,75.0,73.08056,283,37.25,0.0
-69.60411786816522,-10.585119681657726,82.15552,15.1779995,75.0,31.328,1663.0,75.0,73.08056,283,37.25,0.0
-69.60045848558852,-10.60276826859518,82.15552,15.1779995,75.0,31.328,1663.0,75.0,73.08056,302,37.25,0.0
-69.60023237491981,-10.598410669277987,82.15552,15.1779995,75.0,31.328,1663.0,75.0,73.08056,303,37.25,0.0
-69.60000636252902,-10.594053064129056,82.15552,15.1779995,75.0,31.328,1663.0,75.0,73.08056,303,37.25,0.0
-69.59978044840948,-10.589695453150943,82.15552,15.1779995,75.0,31.328,1663.0,75.0,73.08056,290,37.25,0.0
-69.59955463255459,-10.58533783634619,82.15552,15.1779995,75.0,31.328,1663.0,75.0,73.08056,290,37.25,0.0
-69.59589500463257,-10.602986735550036,82.15552,15.1779995,75.0,31.328,1663.0,75.0,73.08056,302,37.25,0.0
-69.5956689537919,-10.598629044445609,82.15552,15.1779995,75.0,31.328,1663.0,75.0,73.08056,302,37.25,0.0
